CODIGO_PAIS,NOMBRE_PAIS,NOMBRE_JUGADOR,RANKING_ANTERIOR,NUEVO_RANKING
1, ALEMANIA,Miroslav Klose,18,1
2, ALEMANIA FEDERAL,Gerd Müller,23,1
3, ALEMANIA ORIENTAL,Joachim Streich,50,1
4, ARABIA SAUDITA,Majed Abdullah,15,1
5, ARGENTINA,Lionel Messi,5,1
6, BELGICA,Romelu Lukaku,24,1
7, BOSNIA Y HERZEGOVINA,Edin Džeko,35,1
8, BRASIL,Pelé,10,1
9, CAMERUN,Samuel Eto'o,44,1
10, COREA DEL SUR,Cha Bum-Kun,38,1
11, COSTA DE MARFIL,Didier Drogba,29,1
12, EGIPTO,Hossam Hassan,27,1
13, EMIRATOS ARABES UNIDOS,Ali Mabkhout,7,1
14, ESPAÑA,David Villa,37,1
15, ESTADOS UNIDOS,Clint Dempsey,41,1
16, FEDERACION MALAYA/ MALASIA,Abdul Ghani Minhat,34,1
17, GUATEMALA,Carlos Ruiz Gutiérrez,25,1
18, HONDURAS,Carlos Pavón,40,1
19, HUNGRIA,Sándor Kocsis,11,1
20, HUNGRIA/ ESPAÑA,Ferenc Puskás,4,1
21, INDIA,Sunil Chhetri,6,1
22, INDONESIA,Abdul Kadir,20,1
23, IRAK,Hussein Saeed,9,1
24, IRAN,Ali Daei,2,1
25, IRLANDA,Robbie Keane,26,1
26, JAPON,Kunishige Kamamoto,12,1
27, KUWAIT,Jasem Al-Huwaidi,30,1
28, MALASIA,Mokhtar Dahari,3,1
29, MALAWI,Kinnah Phiri,16,1
30, MALDIVAS,Ali Ashfaq,39,1
31, POLONIA,Robert Lewandowski,14,1
32, PORTUGAL,Cristiano Ronaldo,1,1
33, REPUBLICA CHECA,Jan Koller,47,1
34, SINGAPUR,Fandi Ahmad,49,1
35, SUECIA,Zlatan Ibrahimović,32,1
36, TAILANDIA,Piyapong Pue-on,19,1
37, TRINIDAD Y TOBAGO,Stern John,21,1
38, URUGUAY,Luis Suárez,28,1
39, ZAMBIA,Godfrey Chitalu,8,1
