{"CODIGO_PAIS":1,"NOMBRE_PAIS":" ALEMANIA","JUGADORES_ESTRELLA":[{"NOMBRE_JUGADOR":"Miroslav Klose","RANKING_ANTERIOR":18,"NUEVO_RANKING":1}]}
{"CODIGO_PAIS":2,"NOMBRE_PAIS":" ALEMANIA FEDERAL","JUGADORES_ESTRELLA":[{"NOMBRE_JUGADOR":"Gerd Müller","RANKING_ANTERIOR":23,"NUEVO_RANKING":1}]}
{"CODIGO_PAIS":3,"NOMBRE_PAIS":" ALEMANIA ORIENTAL","JUGADORES_ESTRELLA":[{"NOMBRE_JUGADOR":"Joachim Streich","RANKING_ANTERIOR":50,"NUEVO_RANKING":1}]}
{"CODIGO_PAIS":4,"NOMBRE_PAIS":" ARABIA SAUDITA","JUGADORES_ESTRELLA":[{"NOMBRE_JUGADOR":"Majed Abdullah","RANKING_ANTERIOR":15,"NUEVO_RANKING":1}]}
{"CODIGO_PAIS":5,"NOMBRE_PAIS":" ARGENTINA","JUGADORES_ESTRELLA":[{"NOMBRE_JUGADOR":"Lionel Messi","RANKING_ANTERIOR":5,"NUEVO_RANKING":1}]}
{"CODIGO_PAIS":6,"NOMBRE_PAIS":" BELGICA","JUGADORES_ESTRELLA":[{"NOMBRE_JUGADOR":"Romelu Lukaku","RANKING_ANTERIOR":24,"NUEVO_RANKING":1}]}
{"CODIGO_PAIS":7,"NOMBRE_PAIS":" BOSNIA Y HERZEGOVINA","JUGADORES_ESTRELLA":[{"NOMBRE_JUGADOR":"Edin Džeko","RANKING_ANTERIOR":35,"NUEVO_RANKING":1}]}
{"CODIGO_PAIS":8,"NOMBRE_PAIS":" BRASIL","JUGADORES_ESTRELLA":[{"NOMBRE_JUGADOR":"Pelé","RANKING_ANTERIOR":10,"NUEVO_RANKING":1}]}
{"CODIGO_PAIS":9,"NOMBRE_PAIS":" CAMERUN","JUGADORES_ESTRELLA":[{"NOMBRE_JUGADOR":"Samuel Eto'o","RANKING_ANTERIOR":44,"NUEVO_RANKING":1}]}
{"CODIGO_PAIS":10,"NOMBRE_PAIS":" COREA DEL SUR","JUGADORES_ESTRELLA":[{"NOMBRE_JUGADOR":"Cha Bum-Kun","RANKING_ANTERIOR":38,"NUEVO_RANKING":1}]}
{"CODIGO_PAIS":11,"NOMBRE_PAIS":" COSTA DE MARFIL","JUGADORES_ESTRELLA":[{"NOMBRE_JUGADOR":"Didier Drogba","RANKING_ANTERIOR":29,"NUEVO_RANKING":1}]}
{"CODIGO_PAIS":12,"NOMBRE_PAIS":" EGIPTO","JUGADORES_ESTRELLA":[{"NOMBRE_JUGADOR":"Hossam Hassan","RANKING_ANTERIOR":27,"NUEVO_RANKING":1}]}
{"CODIGO_PAIS":13,"NOMBRE_PAIS":" EMIRATOS ARABES UNIDOS","JUGADORES_ESTRELLA":[{"NOMBRE_JUGADOR":"Ali Mabkhout","RANKING_ANTERIOR":7,"NUEVO_RANKING":1}]}
{"CODIGO_PAIS":14,"NOMBRE_PAIS":" ESPAÑA","JUGADORES_ESTRELLA":[{"NOMBRE_JUGADOR":"David Villa","RANKING_ANTERIOR":37,"NUEVO_RANKING":1}]}
{"CODIGO_PAIS":15,"NOMBRE_PAIS":" ESTADOS UNIDOS","JUGADORES_ESTRELLA":[{"NOMBRE_JUGADOR":"Clint Dempsey","RANKING_ANTERIOR":41,"NUEVO_RANKING":1}]}
{"CODIGO_PAIS":16,"NOMBRE_PAIS":" FEDERACION MALAYA/ MALASIA","JUGADORES_ESTRELLA":[{"NOMBRE_JUGADOR":"Abdul Ghani Minhat","RANKING_ANTERIOR":34,"NUEVO_RANKING":1}]}
{"CODIGO_PAIS":17,"NOMBRE_PAIS":" GUATEMALA","JUGADORES_ESTRELLA":[{"NOMBRE_JUGADOR":"Carlos Ruiz Gutiérrez","RANKING_ANTERIOR":25,"NUEVO_RANKING":1}]}
{"CODIGO_PAIS":18,"NOMBRE_PAIS":" HONDURAS","JUGADORES_ESTRELLA":[{"NOMBRE_JUGADOR":"Carlos Pavón","RANKING_ANTERIOR":40,"NUEVO_RANKING":1}]}
{"CODIGO_PAIS":19,"NOMBRE_PAIS":" HUNGRIA","JUGADORES_ESTRELLA":[{"NOMBRE_JUGADOR":"Sándor Kocsis","RANKING_ANTERIOR":11,"NUEVO_RANKING":1}]}
{"CODIGO_PAIS":20,"NOMBRE_PAIS":" HUNGRIA/ ESPAÑA","JUGADORES_ESTRELLA":[{"NOMBRE_JUGADOR":"Ferenc Puskás","RANKING_ANTERIOR":4,"NUEVO_RANKING":1}]}
{"CODIGO_PAIS":21,"NOMBRE_PAIS":" INDIA","JUGADORES_ESTRELLA":[{"NOMBRE_JUGADOR":"Sunil Chhetri","RANKING_ANTERIOR":6,"NUEVO_RANKING":1}]}
{"CODIGO_PAIS":22,"NOMBRE_PAIS":" INDONESIA","JUGADORES_ESTRELLA":[{"NOMBRE_JUGADOR":"Abdul Kadir","RANKING_ANTERIOR":20,"NUEVO_RANKING":1}]}
{"CODIGO_PAIS":23,"NOMBRE_PAIS":" IRAK","JUGADORES_ESTRELLA":[{"NOMBRE_JUGADOR":"Hussein Saeed","RANKING_ANTERIOR":9,"NUEVO_RANKING":1}]}
{"CODIGO_PAIS":24,"NOMBRE_PAIS":" IRAN","JUGADORES_ESTRELLA":[{"NOMBRE_JUGADOR":"Ali Daei","RANKING_ANTERIOR":2,"NUEVO_RANKING":1}]}
{"CODIGO_PAIS":25,"NOMBRE_PAIS":" IRLANDA","JUGADORES_ESTRELLA":[{"NOMBRE_JUGADOR":"Robbie Keane","RANKING_ANTERIOR":26,"NUEVO_RANKING":1}]}
{"CODIGO_PAIS":26,"NOMBRE_PAIS":" JAPON","JUGADORES_ESTRELLA":[{"NOMBRE_JUGADOR":"Kunishige Kamamoto","RANKING_ANTERIOR":12,"NUEVO_RANKING":1}]}
{"CODIGO_PAIS":27,"NOMBRE_PAIS":" KUWAIT","JUGADORES_ESTRELLA":[{"NOMBRE_JUGADOR":"Jasem Al-Huwaidi","RANKING_ANTERIOR":30,"NUEVO_RANKING":1}]}
{"CODIGO_PAIS":28,"NOMBRE_PAIS":" MALASIA","JUGADORES_ESTRELLA":[{"NOMBRE_JUGADOR":"Mokhtar Dahari","RANKING_ANTERIOR":3,"NUEVO_RANKING":1}]}
{"CODIGO_PAIS":29,"NOMBRE_PAIS":" MALAWI","JUGADORES_ESTRELLA":[{"NOMBRE_JUGADOR":"Kinnah Phiri","RANKING_ANTERIOR":16,"NUEVO_RANKING":1}]}
{"CODIGO_PAIS":30,"NOMBRE_PAIS":" MALDIVAS","JUGADORES_ESTRELLA":[{"NOMBRE_JUGADOR":"Ali Ashfaq","RANKING_ANTERIOR":39,"NUEVO_RANKING":1}]}
{"CODIGO_PAIS":31,"NOMBRE_PAIS":" POLONIA","JUGADORES_ESTRELLA":[{"NOMBRE_JUGADOR":"Robert Lewandowski","RANKING_ANTERIOR":14,"NUEVO_RANKING":1}]}
{"CODIGO_PAIS":32,"NOMBRE_PAIS":" PORTUGAL","JUGADORES_ESTRELLA":[{"NOMBRE_JUGADOR":"Cristiano Ronaldo","RANKING_ANTERIOR":1,"NUEVO_RANKING":1}]}
{"CODIGO_PAIS":33,"NOMBRE_PAIS":" REPUBLICA CHECA","JUGADORES_ESTRELLA":[{"NOMBRE_JUGADOR":"Jan Koller","RANKING_ANTERIOR":47,"NUEVO_RANKING":1}]}
{"CODIGO_PAIS":34,"NOMBRE_PAIS":" SINGAPUR","JUGADORES_ESTRELLA":[{"NOMBRE_JUGADOR":"Fandi Ahmad","RANKING_ANTERIOR":49,"NUEVO_RANKING":1}]}
{"CODIGO_PAIS":35,"NOMBRE_PAIS":" SUECIA","JUGADORES_ESTRELLA":[{"NOMBRE_JUGADOR":"Zlatan Ibrahimović","RANKING_ANTERIOR":32,"NUEVO_RANKING":1}]}
{"CODIGO_PAIS":36,"NOMBRE_PAIS":" TAILANDIA","JUGADORES_ESTRELLA":[{"NOMBRE_JUGADOR":"Piyapong Pue-on","RANKING_ANTERIOR":19,"NUEVO_RANKING":1}]}
{"CODIGO_PAIS":37,"NOMBRE_PAIS":" TRINIDAD Y TOBAGO","JUGADORES_ESTRELLA":[{"NOMBRE_JUGADOR":"Stern John","RANKING_ANTERIOR":21,"NUEVO_RANKING":1}]}
{"CODIGO_PAIS":38,"NOMBRE_PAIS":" URUGUAY","JUGADORES_ESTRELLA":[{"NOMBRE_JUGADOR":"Luis Suárez","RANKING_ANTERIOR":28,"NUEVO_RANKING":1}]}
{"CODIGO_PAIS":39,"NOMBRE_PAIS":" ZAMBIA","JUGADORES_ESTRELLA":[{"NOMBRE_JUGADOR":"Godfrey Chitalu","RANKING_ANTERIOR":8,"NUEVO_RANKING":1}]}
