centro_titularidad|centro_codigo|centro_nombre|direccion_coor_x|direccion_coor_y|x_promedio|y_promedio|distancia_euclidiana
PRIVADO|28062084|INSTITUTO VOX|439513|4476920|439602.94|4476838.75|121.21
PRIVADO CONCERTADO|28022323|TEIDE II|439841|4474146|440264.75|4474293.58|448.71
PÚBLICO|28018344|SANTA TERESA DE JESUS|439759|4474678|440157.38|4474481.94|444.01
PÚBLICO-TITULARIDAD PRIVADA|28060580|ESCUELA DE FORMACION ESPEC. IMAGEN DIAG. HOSPITAL CLINICO SAN CARLOS|438970|4476829|438924.0|4479147.0|2318.46
