{"centro_titularidad":"PRIVADO","centro_codigo":"28062084","centro_nombre":"INSTITUTO VOX","direccion_coor_x":439513,"direccion_coor_y":4476920,"x_promedio":439602.94,"y_promedio":4476838.75,"distancia_euclidiana":121.21}
{"centro_titularidad":"PRIVADO CONCERTADO","centro_codigo":"28022323","centro_nombre":"TEIDE II","direccion_coor_x":439841,"direccion_coor_y":4474146,"x_promedio":440264.75,"y_promedio":4474293.58,"distancia_euclidiana":448.71}
{"centro_titularidad":"PÚBLICO","centro_codigo":"28018344","centro_nombre":"SANTA TERESA DE JESUS","direccion_coor_x":439759,"direccion_coor_y":4474678,"x_promedio":440157.38,"y_promedio":4474481.94,"distancia_euclidiana":444.01}
{"centro_titularidad":"PÚBLICO-TITULARIDAD PRIVADA","centro_codigo":"28060580","centro_nombre":"ESCUELA DE FORMACION ESPEC. IMAGEN DIAG. HOSPITAL CLINICO SAN CARLOS","direccion_coor_x":438970,"direccion_coor_y":4476829,"x_promedio":438924.0,"y_promedio":4479147.0,"distancia_euclidiana":2318.46}
